,f1,ap,auroc
pretrain,0.7487819280021931,0.8194566215440318,0.7411363103609938
transfer,0.8908573488702511,0.9521419299072184,0.8867645335208627
