,f1,ap,auroc
pretrain,0.19043651803415845,0.34988804205677665,0.2061268123868812
transfer,0.9478627208056991,0.9673280694944285,0.9486654468068179
